Type,Category,Sub Category
Men,hoodies-sweatshirts,Loose Fit Washed Hoodie
Men,hoodies-sweatshirts,Loose Fit Washed Hoodie
Men,hoodies-sweatshirts,Loose Fit Washed Hoodie
Men,hoodies-sweatshirts,Loose Fit Hoodie
Men,hoodies-sweatshirts,Loose Fit Sweatshirt
Men,hoodies-sweatshirts,Loose Fit Hooded Jacket
Men,hoodies-sweatshirts,Loose Fit Hoodie
Men,hoodies-sweatshirts,Loose Fit Hoodie
Men,hoodies-sweatshirts,Regular Fit Half-Zip Sweatshirt
Men,hoodies-sweatshirts,Loose Fit Hoodie
Men,hoodies-sweatshirts,Loose Fit Sweatshirt
Men,hoodies-sweatshirts,Loose Fit Sweatshirt
Men,hoodies-sweatshirts,Loose Fit Sweatshirt
Men,hoodies-sweatshirts,Loose Fit Sweatshirt
Men,hoodies-sweatshirts,Loose Fit Hoodie
Men,hoodies-sweatshirts,Oversized-Fit Hooded Jacket
Men,hoodies-sweatshirts,Loose Fit Sweatshirt
Men,hoodies-sweatshirts,Oversized-Fit Hooded Jacket
Men,hoodies-sweatshirts,Loose Fit Hoodie
Men,hoodies-sweatshirts,Oversized-Fit Hooded Jacket
Men,hoodies-sweatshirts,Loose Fit Hoodie
Men,hoodies-sweatshirts,Loose Fit Hoodie
Men,hoodies-sweatshirts,Loose Fit Sweatshirt
Men,hoodies-sweatshirts,Loose Fit Sweatshirt
Men,hoodies-sweatshirts,Loose Fit Hoodie
Men,hoodies-sweatshirts,Loose Fit Hooded Jacket
Men,hoodies-sweatshirts,Regular Fit Hooded Jacket
Men,hoodies-sweatshirts,Loose Fit Hooded Jacket
Men,hoodies-sweatshirts,Regular Fit Hooded Jacket
Men,hoodies-sweatshirts,Loose Fit Sweatshirt
Men,hoodies-sweatshirts,Loose Fit Hoodie
Men,hoodies-sweatshirts,Loose Fit Hoodie
Men,hoodies-sweatshirts,Loose-Fit Printed Sweatshirt
Men,hoodies-sweatshirts,Loose Fit Hoodie
Men,hoodies-sweatshirts,Loose Fit Sweatshirt
Men,hoodies-sweatshirts,Regular Fit Hooded Jacket
Men,pants,Slim-Fit Cotton Chinos
Men,pants,Slim-Fit Cotton Chinos
Men,pants,Slim-Fit Cotton Chinos
Men,pants,Slim-Fit Cotton Chinos
Men,pants,Slim Fit Cotton Chinos
Men,pants,Slim Fit Cotton Chinos
Men,pants,Slim-Fit Cotton Chinos
Men,pants,Relaxed-Fit Pants
Men,pants,Relaxed-Fit Pants
Men,pants,Relaxed-Fit Pants
Men,pants,Relaxed Fit Jersey trousers
Men,pants,Relaxed Fit Jersey trousers
Men,pants,Regular-Fit Linen-Blend Pants
Men,pants,Regular-Fit Linen-Blend Pants
Men,pants,Regular-Fit Linen Pants
Men,pants,Regular Fit Sweatpants
Men,pants,Bootcut Wool-Blend Pants
Men,pants,5-Pocket Textured-Weave Pants
Men,pants,5-Pocket Carpenter Pants
Men,pants,5-pocket leather trousers
Men,pants,Regular Fit Sweatpants
Men,pants,Slim-Fit Suit Pants
Men,pants,Slim-Fit Cargo Pants
Men,pants,Relaxed Fit Cargo Pants
Men,pants,Slim-Fit Sports Joggers with DryMove™
Men,pants,Wool-Blend Suit Pants
Men,pants,Slim-Fit Tailored Pants
Men,pants,Regular Fit Sports Cargo Joggers
Men,pants,Loose Fit Parachute Cargo Pants
Men,pants,Slim Fit Cotton Twill Pants
Men,pants,Regular-Fit Cotton Cargo Joggers with DryMove™
Men,pants,Regular-Fit Linen-Blend Pants
Men,pants,Relaxed-Fit Tailored Linen-Blend Pants
Men,pants,Slim-Fit Cotton Chinos
Men,pants,Relaxed-Fit Tailored Linen-Blend Pants
Men,pants,Relaxed-Fit Cargo Pants
Men,jeans,Fairfax Baggy Jeans
Men,jeans,Super Baggy Jeans
Men,jeans,Slim Jeans
Men,jeans,Fairfax Baggy Jeans
Men,jeans,Fairfax Baggy Jeans
Men,jeans,Collins Super Baggy Jeans
Men,jeans,Houston Loose Jeans
Men,jeans,Baggy Jeans
Men,jeans,Loose Cargo Jeans
Men,jeans,Loose Jeans
Men,jeans,Fairfax Baggy Jeans
Men,jeans,Loose Twisted Jeans
Men,jeans,Baggy Jeans
Men,jeans,Collins Super Baggy Jeans
Men,jeans,Collins Super Baggy Jeans
Men,jeans,Houston Loose Jeans
Men,jeans,Houston Loose Jeans
Men,jeans,Super Baggy Jeans
Men,jeans,Straight Regular Jeans
Men,jeans,Loose Cargo Jeans
Men,jeans,Collins Super Baggy Jeans
Men,jeans,Fairfax Baggy Jeans
Men,jeans,Super Baggy Jeans
Men,jeans,Loose Cargo Jeans
Men,jeans,Relaxed Jeans
Men,jeans,Baggy Jeans
Men,jeans,Relaxed Jeans
Men,jeans,Loose Straight High Jeans
Men,jeans,Super Baggy Jeans
Men,jeans,Fairfax Baggy Jeans
Men,jeans,Loose Jeans
Men,jeans,Patterned Baggy Jeans
Men,jeans,Relaxed Fit Jeans
Men,jeans,Loose Straight High Jeans
Men,jeans,Loose Cargo Jeans
Men,jeans,Patterned Baggy Jeans
Men,jackets-coats,Regular-Fit Jersey Jacket
Men,jackets-coats,Denim Jacket
Men,jackets-coats,Regular-Fit Lightweight Bomber Jacket
Men,jackets-coats,Cotton Raincoat
Men,jackets-coats,Leather Biker Jacket
Men,jackets-coats,Regular Fit Denim Jacket
Men,jackets-coats,Regular Fit Napped Jacket
Men,jackets-coats,Slim-Fit Lightweight Puffer Jacket
Men,jackets-coats,Slim Fit Water-repellent puffer gilet
Men,jackets-coats,Regular Fit Jacket
Men,jackets-coats,Short Textured-Weave Jacket
Men,jackets-coats,Regular Fit Tweed overshirt
Men,jackets-coats,Wool-Blend Topcoat
Men,jackets-coats,Slim Fit Lightweight Puffer Jacket
Men,jackets-coats,Regular-Fit Twill Overshirt
Men,jackets-coats,Regular Fit Twill Jacket
Men,jackets-coats,Regular Fit Denim Jacket
Men,jackets-coats,Regular-Fit Twill Overshirt
Men,jackets-coats,Regular Fit Wool-Blend Shacket
Men,jackets-coats,Regular-Fit Lightweight Bomber Jacket
Men,jackets-coats,Regular Fit Denim Jacket
Men,jackets-coats,Regular-Fit Linen-Blend Overshirt
Men,jackets-coats,Regular-Fit Linen-Blend Overshirt
Men,jackets-coats,Regular Fit Jacket
Men,jackets-coats,Regular Fit Canvas Overshirt
Men,jackets-coats,Regular Fit Felted Overshirt
Men,jackets-coats,Regular Fit Felted Overshirt
Men,jackets-coats,Regular Fit Twill Jacket
Men,jackets-coats,Regular Fit Overshirt
Men,jackets-coats,Regular Fit Wool-Blend Shacket
Men,jackets-coats,Regular-Fit Trench Coat
Men,jackets-coats,Regular Fit Wool-Blend Shacket
Men,jackets-coats,Regular Fit Windbreaker
Men,jackets-coats,Regular-Fit Shacket
Men,jackets-coats,Regular-Fit Utility Overshirt
Men,jackets-coats,Regular-Fit Lightweight Bomber Jacket
Men,shirts,Regular Fit Oxford Shirt
Men,shirts,Regular Fit Oxford Shirt
Men,shirts,Regular Fit Oxford Shirt
Men,shirts,Regular Fit Oxford Shirt
Men,shirts,Regular Fit Oxford Shirt
Men,shirts,Regular Fit Oxford Shirt
Men,shirts,Regular Fit Oxford Shirt
Men,shirts,Loose-Fit Jersey Resort Shirt
Men,shirts,Regular-Fit Utility Shirt
Men,shirts,Regular-Fit Utility Shirt
Men,shirts,Loose-Fit Jersey Resort Shirt
Men,shirts,Loose-Fit Shirt
Men,shirts,Loose-Fit Shirt
Men,shirts,Loose-Fit Shirt
Men,shirts,Regular-Fit Textured Resort Shirt
Men,shirts,Pima Cotton Resort Shirt
Men,shirts,Pima Cotton Shirt with Box Pleats
Men,shirts,Linen-Blend Shirt
Men,shirts,Pima Cotton Resort Shirt
Men,shirts,Slim Fit Easy-iron Shirt
Men,shirts,Regular-Fit Short-Sleeved Linen-Blend Shirt
Men,shirts,Regular-Fit Short-Sleeved Linen-Blend Shirt
Men,shirts,Relaxed Fit Short-sleeved Shirt
Men,shirts,Relaxed Fit Linen Resort Shirt
Men,shirts,Slim Fit Grandad shirt
Men,shirts,Regular Fit Textured Shirt
Men,shirts,Muscle Fit Cotton Shirt
Men,shirts,Regular-Fit Textured Resort Shirt
Men,shirts,Regular-Fit Short-Sleeved Linen-Blend Shirt
Men,shirts,Regular-Fit Resort Shirt
Men,shirts,Regular-Fit Short-Sleeved Linen-Blend Shirt
Men,shirts,Regular-Fit Textured Resort Shirt
Men,shirts,Slim Fit Linen Shirt
Men,shirts,Slim Fit Linen Shirt
Men,shirts,Regular Fit Short-sleeved Jersey Shirt
Men,shirts,Regular-Fit Linen Shirt
Men,t-shirts-tank-tops,Regular-Fit Polo Shirt
Men,t-shirts-tank-tops,Regular-Fit Polo Shirt
Men,t-shirts-tank-tops,Regular-Fit Cable-Knit Polo Shirt
Men,t-shirts-tank-tops,Regular-Fit Polo Shirt
Men,t-shirts-tank-tops,Regular-Fit Cable-Knit Polo Shirt
Men,t-shirts-tank-tops,Loose-Fit Boxy T-Shirt
Men,t-shirts-tank-tops,Slim-Fit Ribbed Tank Top
Men,t-shirts-tank-tops,Slim-Fit Ribbed Tank Top
Men,t-shirts-tank-tops,Slim-Fit Ribbed Tank Top
Men,t-shirts-tank-tops,Loose-Fit Boxy T-Shirt
Men,t-shirts-tank-tops,Loose-Fit Boxy T-Shirt
Men,t-shirts-tank-tops,Loose-Fit Long-Sleeved Jersey Shirt
Men,t-shirts-tank-tops,Slim Fit Polo Shirt
Men,t-shirts-tank-tops,Regular Fit T-shirt
Men,t-shirts-tank-tops,Slim-Fit Rib-Knit Polo Shirt
Men,t-shirts-tank-tops,Loose Fit Printed T-shirt
Men,t-shirts-tank-tops,Regular-Fit Fine-Knit Polo Shirt
Men,t-shirts-tank-tops,Loose Fit T-shirt
Men,t-shirts-tank-tops,Loose Fit Printed T-shirt
Men,t-shirts-tank-tops,Oversized Fit T-shirt
Men,t-shirts-tank-tops,3-pack Slim Fit T-shirts
Men,t-shirts-tank-tops,Slim Fit Ribbed Tank Top
Men,t-shirts-tank-tops,Loose Fit T-shirt
Men,t-shirts-tank-tops,Loose Fit T-shirt
Men,t-shirts-tank-tops,Loose Fit Printed T-shirt
Men,t-shirts-tank-tops,Loose Fit T-shirt
Men,t-shirts-tank-tops,Loose Fit T-shirt
Men,t-shirts-tank-tops,Ribbed Henley Tank Top
Men,t-shirts-tank-tops,Slim Fit Pima Cotton T-shirt
Men,t-shirts-tank-tops,5-pack Regular Fit T-shirts
Men,t-shirts-tank-tops,Ribbed Linen-Blend Henley Shirt
Men,t-shirts-tank-tops,Regular-Fit Hole-Knit Polo Shirt
Men,t-shirts-tank-tops,Slim-Fit Fine-Knit T-Shirt
Men,t-shirts-tank-tops,Slim-Fit Rib-Knit Polo Shirt
Men,t-shirts-tank-tops,Ribbed Linen-Blend Henley Shirt
Men,t-shirts-tank-tops,Slim-Fit Fine-Knit T-Shirt
Men,polos,Regular-Fit Polo Shirt
Men,polos,Regular-Fit Polo Shirt
Men,polos,Regular-Fit Cable-Knit Polo Shirt
Men,polos,Regular-Fit Polo Shirt
Men,polos,Regular-Fit Cable-Knit Polo Shirt
Men,polos,Slim Fit Polo Shirt
Men,polos,Slim-Fit Rib-Knit Polo Shirt
Men,polos,Regular-Fit Fine-Knit Polo Shirt
Men,polos,Regular-Fit Hole-Knit Polo Shirt
Men,polos,Slim-Fit Rib-Knit Polo Shirt
Men,polos,Slim Fit Polo Shirt
Men,polos,Slim Fit Polo Shirt
Men,polos,Regular Fit Piqué Polo Shirt
Men,polos,Slim-Fit Rib-Knit Polo Shirt
Men,polos,Regular-Fit Cable-Knit Polo Shirt
Men,polos,Regular Fit Piqué Polo Shirt
Men,polos,Regular-Fit Fine-Knit Polo Shirt
Men,polos,Slim Fit Polo Shirt
Men,polos,Regular-Fit Cable-Knit Polo Shirt
Men,polos,Slim-Fit Textured Jersey Polo Shirt
Men,polos,Regular-Fit Hole-Knit Polo Shirt
Men,polos,Slim Fit Polo Shirt
Men,polos,Regular-Fit Hole-Knit Polo Shirt
Men,polos,Slim Fit Polo Shirt
Men,polos,Regular-Fit Pointelle-Knit Polo Shirt
Men,polos,3-pack Slim Fit Polo Shirts
Men,polos,Regular Fit Piqué Polo Shirt
Men,polos,Regular Fit Piqué Polo Shirt
Men,polos,Regular-Fit Pointelle-Knit Polo Shirt
Men,polos,Slim Fit Polo Shirt
Men,polos,Regular Fit Piqué Polo Shirt
Men,polos,Slim Fit Polo Shirt
Men,polos,Regular Fit Ribbed Polo Shirt
Men,polos,Slim Fit Cotton Polo Shirt
Men,polos,Regular-Fit Hole-Knit Polo Shirt
Men,polos,Slim Fit Polo Shirt
Men,cardigans-sweaters,Slim Fit Fine-Knit Sweater
Men,cardigans-sweaters,Slim Fit Fine-Knit Sweater
Men,cardigans-sweaters,Slim Fit Fine-Knit Sweater
Men,cardigans-sweaters,Slim Fit Fine-Knit Sweater
Men,cardigans-sweaters,Slim Fit Fine-Knit Sweater
Men,cardigans-sweaters,Regular Fit Half-Zip Sweatshirt
Men,cardigans-sweaters,Rib-knit polo jumper
Men,cardigans-sweaters,Rib-knit polo jumper
Men,cardigans-sweaters,Knit Tank Top
Men,cardigans-sweaters,Slim Fit Waffled Jersey Shirt
Men,cardigans-sweaters,Slim Fit Waffled Jersey Shirt
Men,cardigans-sweaters,Slim Fit Waffled Jersey Shirt
Men,cardigans-sweaters,Slim Fit Fine-Knit Turtleneck Sweater
Men,cardigans-sweaters,Slim Fit Cotton Turtleneck Shirt
Men,cardigans-sweaters,Regular Fit Half-Zip Sweatshirt
Men,cardigans-sweaters,Regular Fit Fine-Knit Polo Shirt
Men,cardigans-sweaters,Regular-Fit Hole-Knit Cardigan
Men,cardigans-sweaters,Regular-Fit Pointelle-Knit Sweater
Men,cardigans-sweaters,Slim Fit Fine-Knit Turtleneck Sweater
Men,cardigans-sweaters,Regular-Fit Pointelle-Knit Sweater
Men,cardigans-sweaters,Regular-Fit Sweater Vest
Men,cardigans-sweaters,Regular-Fit Rolled Edge Sweater
Men,cardigans-sweaters,Regular-Fit Rolled Edge Sweater
Men,cardigans-sweaters,Slip-Fit Cardigan with Zipper
Men,cardigans-sweaters,Slip-Fit Cardigan with Zipper
Men,cardigans-sweaters,Slim Fit Fine-Knit Turtleneck Sweater
Men,cardigans-sweaters,Regular Fit Textured-Knit Sweater
Men,cardigans-sweaters,Slip-Fit Cardigan with Zipper
Men,cardigans-sweaters,Regular-Fit Sweater Vest
Men,cardigans-sweaters,Regular Fit Fine-Knit Polo Shirt
Men,cardigans-sweaters,Regular Fit Rib-Knit Cardigan
Men,cardigans-sweaters,Regular Fit Knit Hooded Jacket
Men,cardigans-sweaters,Slip-Fit Cardigan with Zipper
Men,cardigans-sweaters,Regular Fit Knit Hooded Jacket
Men,cardigans-sweaters,Slim Fit Half-Zip Fine-Knit Sweater
Men,cardigans-sweaters,Regular Fit Ribbed Turtleneck Sweater
Men,suits-blazers,Slim Fit Wool-Blend Tuxedo Jacket
Men,suits-blazers,Slim-Fit Jacket
Men,suits-blazers,Slim-Fit Suit Pants
Men,suits-blazers,Slim-Fit Jacket
Men,suits-blazers,Slim Fit Single-Breasted Tuxedo Jacket
Men,suits-blazers,Slim Fit Velvet Blazer
Men,suits-blazers,Relaxed Fit Satin Pants
Men,suits-blazers,Slim Fit Shimmery Jacket
Men,suits-blazers,Regular Fit Double-Breasted Blazer
Men,suits-blazers,Slim-Fit Suit Pants
Men,suits-blazers,Slim-Fit Jacket
Men,suits-blazers,Skinny Fit Suit Pants
Men,suits-blazers,Slim-Fit Jacket
Men,suits-blazers,Relaxed-Fit Suit Pants
Men,suits-blazers,Slim-Fit Suit Pants
Men,suits-blazers,Skinny Fit Single-Breasted Jacket
Men,suits-blazers,Slim Fit Linen Jacket
Men,suits-blazers,Regular-Fit Single-Breasted Jacket
Men,suits-blazers,Slim-Fit Suit Pants
Men,suits-blazers,Slim-Fit Jacket
Men,suits-blazers,Skinny Fit Single-Breasted Jacket
Men,suits-blazers,Slim-Fit Linen Jacket
Men,suits-blazers,Slim-Fit Suit Pants
Men,suits-blazers,Regular Fit Suit Pants
Men,suits-blazers,Slim-Fit Linen Suit Pants
Men,suits-blazers,Skinny Fit Suit Pants
Men,suits-blazers,Skinny Fit Suit Pants
Men,suits-blazers,Skinny Fit Single-Breasted Jacket
Men,suits-blazers,Slim-Fit Suit Vest
Men,suits-blazers,Slim-Fit Linen Suit Pants
Men,suits-blazers,Regular-Fit Double-Breasted Jacket
Men,suits-blazers,Regular Fit Double-Breasted Jacket
Men,suits-blazers,Regular-Fit Suit Pants
Men,suits-blazers,Regular-Fit Linen-Blend Suit Pants
Men,suits-blazers,Slim-Fit Suit Pants
Men,suits-blazers,Skinny Fit Single-Breasted Jacket
Men,shorts,Regular Fit Sweatshorts
Men,shorts,Regular Fit Sweatshorts
Men,shorts,Regular Fit Sweatshorts
Men,shorts,2-Pack Sports Shorts with DryMove™
Men,shorts,COOLMAX® Shorts
Men,shorts,Loose Denim Cargo Shorts
Men,shorts,Cotton Bermuda Shorts
Men,shorts,Double-Layered Sports Shorts with DryMove™
Men,shorts,Baggy Denim Shorts
Men,shorts,Baggy Denim Shorts
Men,shorts,Regular Fit Linen-Blend Shorts
Men,shorts,Baggy Denim Shorts
Men,shorts,Relaxed Fit Denim Shorts
Men,shorts,Regular Fit Linen-Blend Shorts
Men,shorts,Regular-Fit Linen Shorts
Men,shorts,Regular Fit Linen-Blend Shorts
Men,shorts,Regular Fit Sweatshorts
Men,shorts,Regular Fit Chino Shorts
Men,shorts,Regular-Fit Linen Shorts
Men,shorts,Regular Fit Chino Shorts
Men,shorts,Regular Fit Sweatshorts
Men,shorts,Regular Fit Linen-Blend Shorts
Men,shorts,Regular-Fit Canvas Shorts
Men,shorts,Regular Fit Chino Shorts
Men,shorts,COOLMAX® Shorts
Men,shorts,Relaxed-Fit Cargo Shorts
Men,shorts,Regular-Fit Creased Shorts
Men,shorts,Regular-Fit Canvas Shorts
Men,shorts,Regular-Fit Cargo Shorts
Men,shorts,COOLMAX® Shorts
Men,shorts,Regular Fit Sweatshorts
Men,shorts,Relaxed Fit Twill bermuda shorts
Men,shorts,Relaxed-Fit Cargo Shorts
Men,shorts,Long Sports Cargo Shorts
Men,shorts,Short Sports Shorts
Men,shorts,Regular-Fit Linen Shorts
Men,nightwear-loungewear,2-pack Regular Fit Jersey joggers
Men,nightwear-loungewear,Relaxed-Fit Lyocell Pants
Men,nightwear-loungewear,Slim-Fit Lyocell Tank Top with Lycra®
Men,nightwear-loungewear,Pajama Shorts
Men,nightwear-loungewear,Jersey Pajama T-Shirt and Shorts
Men,nightwear-loungewear,Pajama Shorts
Men,nightwear-loungewear,Relaxed-Fit Lyocell Pants
Men,nightwear-loungewear,Relaxed-Fit Poplin Pants
Men,nightwear-loungewear,Jersey Pajama T-Shirt and Shorts
Men,nightwear-loungewear,Terry Bathrobe
Men,nightwear-loungewear,2-pack Relaxed Fit Poplin Pants
Men,nightwear-loungewear,Cotton Pajama Shirt and Pants
Men,nightwear-loungewear,Relaxed-Fit Poplin Pants
Men,nightwear-loungewear,2-pack Pajama Pants
Men,nightwear-loungewear,Pajama T-Shirt and Pants Set
Men,nightwear-loungewear,Pajama T-Shirt and Shorts
Men,nightwear-loungewear,Pajama Shirt and Pants
Men,nightwear-loungewear,Long-Sleeved Pajama Shirt
Men,nightwear-loungewear,Pajama Tank Top and Shorts
Men,nightwear-loungewear,Cotton Pajama Shirt and Pants
Men,nightwear-loungewear,Long-Sleeved Pajama Shirt
Men,nightwear-loungewear,Pajama Tank Top and Shorts
Men,nightwear-loungewear,Pyjama vest top and bottoms
Men,nightwear-loungewear,THERMOLITE® Regular Fit Tank Top
Men,nightwear-loungewear,Relaxed-Fit Poplin Pants
Men,nightwear-loungewear,Jersey Pajama T-Shirt and Shorts
Men,nightwear-loungewear,2-pack Regular Fit Pajama Pants
Men,nightwear-loungewear,2-pack Regular Fit Jersey joggers
Men,nightwear-loungewear,Relaxed Fit Cotton Jersey Pajamas
Men,nightwear-loungewear,Pajamas
Men,nightwear-loungewear,Pajamas
Men,nightwear-loungewear,THERMOLITE® Regular Fit Tank Top
Men,nightwear-loungewear,Lyocell-Blend Pajama Pants
Men,nightwear-loungewear,Pajama T-Shirt and Shorts
Men,nightwear-loungewear,Flannel Pajama Pants
Men,nightwear-loungewear,Pajama T-Shirt and Shorts
